BAC,Global Bank,Scotia Bank,Banco General,Multibank,Banistmo
0.045,0.05,0.041,0.0415,0.051,0.06
0.057999999999999996,0.063,0.054,0.0545,0.064,0.073
0.032,0.037000000000000005,0.028000000000000004,0.028500000000000004,0.038,0.047
